<?xml version="1.0" encoding="utf-8"?>
<extension version="1.0" type="plugin" group="system" method="upgrade">
    <name>Duitku Payment Plugin for JoomShopping</name>
    <version>1.0.4</version>
    <creationDate>July 2025</creationDate>
    <author>Kharisma Catur Mandala</author>
    <authorEmail>support@duitku.com</authorEmail>
    <authorUrl>https://duitku.com</authorUrl>
    <copyright>Copyright (C) 2025. Kharisma Catur Mandala Inc. All rights reserved.</copyright>
    <license>GNU General Public License version 2 or later</license>
    <description>Duitku Payment Gateway integration for JoomShopping. Automatically creates payment method during installation.</description>

    <dependencies>
        <dependency type="platform" name="joomla" operator=">=" version="5.0"/>
    </dependencies>
    
    <files>
        <filename plugin="duitku">duitku.php</filename>
        <filename>pm_duitku.php</filename>
        <filename>adminparamsform.php</filename>
        <filename>callback.php</filename>
        <filename>paymentform.php</filename>
        <folder>duitku-php</folder>
    </files>
    
    <scriptfile>install.php</scriptfile>
    <!-- <updateservers>
        <server type="extension" priority="1" name="Duitku Payment Plugin Updates">
            <![CDATA[https://updates.duitku.com/joomshopping/pm_duitku.xml]]>
        </server>
    </updateservers> -->

</extension>